id;nom;address;email;num_tel;prix_titre;secteur
1;Becker, Tromp and Wunsch;573 Surrey Circle;aoaten0@google.com.au;518-523-7368;976.69;7
2;Kerluke and Sons;7 Spenser Point;aogiany1@xing.com;570-487-4364;7249.28;2
3;Larkin-Wolf;627 Weeping Birch Alley;wstrother2@mysql.com;976-660-6904;9991.75;1
4;Ziemann and Sons;0257 Hanson Drive;ckenset3@csmonitor.com;411-584-6584;8870.3;8
5;Turner-Corkery;96167 David Street;vhinken4@storify.com;841-317-7552;1884.25;12
6;Roberts, Kuvalis and Purdy;32935 Del Sol Way;wcordero5@bandcamp.com;162-380-4398;1840.97;1
7;Ernser, Pagac and Rohan;265 New Castle Parkway;ppass6@youtu.be;151-436-2218;4686.26;10
8;McDermott-Reinger;84765 Bowman Parkway;bkift7@yelp.com;580-312-1802;9106.18;3
9;Crooks-Bauch;00 Northport Terrace;fdownham8@nba.com;941-301-4437;5310.3;13
10;Sporer-Smith;8662 Cambridge Drive;jbutters9@ft.com;812-964-8592;2635.88;9
11;Waelchi-Johnston;6995 Loftsgordon Avenue;xbateripa@xrea.com;734-331-4557;6110.78;4
12;Willms-Boyer;3 Manley Plaza;avowelsb@army.mil;291-215-2948;1935.76;9
13;Windler-Pagac;58 Manitowish Junction;rmcandiec@patch.com;588-574-9419;3883.2;12
14;Beatty, Emard and Bogan;0 Darwin Center;hkenerd@mapy.cz;790-325-1193;9802.55;11
15;Dietrich-Bashirian;01 Schlimgen Place;kcucinottae@1und1.de;476-961-4012;9338.96;9
16;Blick-Wyman;4114 Little Fleur Court;tpagonf@toplist.cz;682-905-9973;718.09;4
17;Toy-Labadie;57 Holy Cross Junction;kboutellierg@toplist.cz;396-667-0348;1040.73;12
18;Jacobs-Mayert;403 Bobwhite Drive;bsarjenth@loc.gov;788-221-7419;6005.01;7
19;Christiansen-Paucek;5 Forster Circle;fettridgei@imageshack.us;641-821-6827;812.99;1
20;Kirlin LLC;6 Eagle Crest Court;arupertij@cafepress.com;967-120-6507;7205.64;7
21;Batz and Sons;11643 Stephen Terrace;adoolerk@google.ca;414-350-8378;3090.14;10
22;Kuhlman, Hoeger and Prohaska;46 Transport Lane;mchartersl@liveinternet.ru;245-640-5986;3547.25;9
23;Hoppe-Conn;68 Oak Parkway;vcockshttm@hubpages.com;693-465-2134;9741.4;10
24;Brakus, Murazik and Rice;415 Straubel Center;mweafern@shinystat.com;878-318-8939;4215.3;11
25;MacGyver and Sons;33 Sloan Lane;jcaberao@list-manage.com;952-963-1883;4493.36;3
26;Schumm Inc;9556 Kipling Way;cmationp@vinaora.com;116-127-1469;2841.31;2
27;Nolan, Mueller and Wisozk;792 Novick Crossing;lwannellq@facebook.com;706-396-0396;7911.15;6
28;Daugherty, Cronin and Jones;97677 Johnson Point;nblydenr@a8.net;259-101-5053;9094.88;5
29;Ruecker, King and O'Hara;74944 Memorial Alley;cfranzolinis@sciencedirect.com;132-301-2001;3209.98;4
30;Kozey-Johnson;5 Golf Course Trail;mnorcottt@sakura.ne.jp;427-871-3525;4526.95;13
31;Morissette-Veum;9 Hansons Park;bkenrydu@reddit.com;188-874-3896;7445.43;7
32;Hermiston-Stark;64 Arizona Drive;acotheyv@foxnews.com;216-355-9895;2674.44;6
33;Romaguera Group;5085 Anhalt Parkway;vhargittw@bandcamp.com;466-784-9884;694.65;13
34;Russel-Howell;24 Kropf Circle;ryakuntzovx@tuttocitta.it;886-155-7268;4554.67;13
35;Schroeder Group;28551 David Parkway;swestcarry@flavors.me;788-828-0488;4050.38;5
36;Skiles Inc;799 Prentice Plaza;lsangraz@instagram.com;439-589-7491;4051.94;1
37;Cassin-Durgan;0905 Homewood Park;sraecroft10@epa.gov;690-277-0450;3288.59;11
38;Treutel, Effertz and Boyle;446 Lillian Pass;cadran11@mail.ru;389-829-3083;4913.59;5
39;Cronin-Stark;4 Brentwood Alley;lcroxford12@cafepress.com;856-225-9084;8764.26;5
40;Dickens, Langosh and Lakin;7 Mcbride Junction;bsalterne13@devhub.com;811-633-6494;4241.4;6
41;Hilpert-Jacobi;320 Bluejay Road;btoulmin14@mozilla.com;455-466-2519;8788.32;1
42;Bartoletti, Shanahan and Kuhlman;3 Farragut Alley;nkittredge15@freewebs.com;601-661-2552;3849.21;1
43;Buckridge Inc;7 Loomis Crossing;bwaslin16@thetimes.co.uk;505-853-3276;7394.74;1
44;Littel Group;22384 Pine View Circle;sferrey17@deliciousdays.com;336-929-4235;8528.49;1
45;Schneider, Howe and Erdman;01957 Drewry Hill;gcahn18@twitter.com;790-905-7109;5293.27;8
46;Adams Inc;5396 Maple Drive;molivet19@ovh.net;321-700-5806;7755.52;11
47;Kling Group;26132 Reinke Drive;sbown1a@newsvine.com;722-847-6701;9790.41;5
48;Gulgowski, Breitenberg and Powlowski;025 Huxley Parkway;iturle1b@pen.io;845-874-8194;6387.29;2
49;Schaden-Dare;40 Service Junction;sbiggadike1c@behance.net;797-224-6127;1000.21;6
50;Lakin, Schmeler and Wuckert;6194 Grover Alley;rborne1d@meetup.com;650-747-7936;1488.44;9
51;Brekke-Gutmann;92 Michigan Crossing;arobbie1e@surveymonkey.com;388-713-8407;664.62;6
52;Price LLC;4 5th Point;hhilhouse1f@freewebs.com;595-459-3373;1527.99;12
53;Koelpin, Durgan and Rempel;516 5th Plaza;ccackett1g@livejournal.com;636-967-7558;6884.61;11
54;Waters-Champlin;068 Elmside Drive;gvanderhoeven1h@topsy.com;199-368-2059;2670.93;6
55;Powlowski and Sons;0556 Sunbrook Lane;fscutter1i@howstuffworks.com;554-515-2663;9675.95;5
56;Cummerata-Sauer;00220 Becker Pass;pperton1j@sohu.com;494-572-4756;3524.52;9
57;O'Connell Group;97 Oriole Lane;abyne1k@redcross.org;539-233-2694;9570.91;11
58;Runte LLC;422 Kenwood Lane;dvannah1l@rediff.com;151-627-0493;5787.28;7
59;Rohan and Sons;9 Arizona Pass;rcleveland1m@china.com.cn;194-840-8138;5458.4;1
60;Sawayn, Barrows and Gutkowski;44007 Del Mar Crossing;bedwins1n@drupal.org;723-912-0094;9106.55;7
61;Gusikowski, McLaughlin and Terry;9 Leroy Junction;iphoebe1o@vinaora.com;820-991-9269;7655.5;3
62;Romaguera, Gerhold and Herzog;48 Kropf Point;ideveril1p@netvibes.com;735-755-8775;6186.99;6
63;Price, Volkman and Hermiston;6 Anderson Parkway;wworld1q@npr.org;976-975-7716;5548.59;11
64;Rice, Grady and Hirthe;4928 Sachtjen Lane;tszymanski1r@uol.com.br;224-796-8386;7220.82;13
65;Grant, Quigley and Donnelly;2 Merchant Place;mleishman1s@yandex.ru;461-303-4577;9856.28;5
66;Kohler and Sons;4 Heffernan Road;gswetland1t@mashable.com;558-518-0812;5185.21;10
67;Weber, Emmerich and Mann;8 Roxbury Lane;ktomlinson1u@live.com;383-616-2606;3333.83;9
68;DuBuque Group;576 Raven Place;cahrend1v@marketwatch.com;249-132-7927;7763.65;2
69;Heidenreich-Funk;4 Ridgeview Point;nlock1w@hp.com;887-966-6811;8870.5;4
70;Sauer, Kiehn and Frami;79 Namekagon Alley;mhuxster1x@redcross.org;453-866-8319;4330.37;1
71;Ryan, Herman and Bernhard;31 Cordelia Trail;kstockell1y@addtoany.com;880-754-6887;6880.6;6
72;Considine, Langworth and Bartoletti;5315 Summer Ridge Alley;rbeards1z@networkadvertising.org;975-963-2546;4225.21;4
73;Lind-Lebsack;7729 Old Gate Drive;acoaster20@timesonline.co.uk;594-300-5564;8346.83;10
74;Graham-Labadie;876 Dovetail Lane;kcuschieri21@google.nl;376-344-5178;7748.41;1
75;Crona, Lockman and McKenzie;99652 International Park;bmethuen22@google.it;118-255-0938;7710.83;4
76;Haley and Sons;59437 Bluejay Terrace;akattenhorn23@cdbaby.com;558-473-0343;4615.97;3
77;Leffler Inc;88547 Northport Lane;agrieve24@archive.org;888-331-5788;1976.95;2
78;Robel, Kilback and Braun;87 Arkansas Lane;dkealey25@furl.net;957-554-8806;5051.29;11
79;Erdman, Rolfson and Veum;87 Waubesa Avenue;askingle26@time.com;402-947-7425;4750.7;2
80;Grady-Torp;175 Everett Parkway;fgoodsell27@gmpg.org;156-442-8701;616.79;8
81;Crona Inc;972 Hollow Ridge Hill;lkenner28@moonfruit.com;941-852-0770;6344.91;10
82;Crooks, Kassulke and Treutel;3 Packers Road;ajaggs29@ehow.com;565-159-9413;7602.04;9
83;Schmitt Inc;40 Crest Line Pass;hlydiate2a@people.com.cn;439-643-3287;128.83;4
84;McCullough-Thompson;18 Montana Place;twillan2b@telegraph.co.uk;314-396-7469;318.16;2
85;Lehner LLC;428 Shelley Lane;jtyson2c@ehow.com;771-206-6216;8175.85;5
86;Hickle, Schoen and Miller;2 Arkansas Lane;bfiridolfi2d@umich.edu;657-456-2495;7177.32;7
87;Lesch-Kilback;01524 Ludington Way;srutland2e@bizjournals.com;851-633-1181;5067.25;4
88;Armstrong, DuBuque and Crooks;9654 Cardinal Court;hstapylton2f@xinhuanet.com;506-527-2947;9407.82;8
89;Bradtke, Crist and Schmidt;0366 Chive Alley;hgooder2g@jalbum.net;547-574-9510;6720.44;6
90;Sporer, Lakin and Mante;06339 Summerview Road;pmccomb2h@theglobeandmail.com;925-871-0863;3784.25;6
91;Sawayn, Lowe and Hegmann;483 Fisk Street;tdulanty2i@oakley.com;800-970-2018;2862.12;9
92;Boehm, Marks and Hansen;32 Pond Avenue;singall2j@i2i.jp;832-634-6446;9167.97;13
93;Runolfsson-Roberts;1098 Morningstar Parkway;hpeyes2k@myspace.com;856-815-2414;5373.81;6
94;Bernhard LLC;1 Arizona Plaza;adinehart2l@auda.org.au;267-660-6134;579.4;8
95;Kassulke Group;87 Autumn Leaf Park;hjohansen2m@ovh.net;157-587-3707;9277.58;9
96;Conn-Will;8 4th Lane;rpawelke2n@webnode.com;765-510-7994;6690.16;9
97;Flatley Group;14863 Loftsgordon Place;elipprose2o@blinklist.com;814-668-5578;5544.67;10
98;Predovic LLC;3 Service Drive;jhoudmont2p@tiny.cc;680-370-5051;422.11;9
99;Marquardt-Murazik;9206 Eagan Center;scolegate2q@fastcompany.com;308-801-3986;3706.69;3
100;Bernier-Emard;0170 Hanson Circle;htrenfield2r@sun.com;997-588-4399;9648.13;8
